<?xml version="1.0" encoding="UTF-8"?>
<DocSetNodes version="1.0">
    <TOC>
        <Node type="folder">
            <Name>SalesforceSDK</Name>
            <Path>index.html</Path>
			<Subnodes>
				
				<Node type="folder">
					<Name>Classes</Name>
					<Path>index.html</Path>
					<Subnodes>
						<NodeRef refid="1"/>
						<NodeRef refid="2"/>
						<NodeRef refid="3"/>
						<NodeRef refid="4"/>
						<NodeRef refid="5"/>
						<NodeRef refid="6"/>
						<NodeRef refid="7"/>
						<NodeRef refid="8"/>
						<NodeRef refid="9"/>
						<NodeRef refid="10"/>
						<NodeRef refid="11"/>
						<NodeRef refid="12"/>
						<NodeRef refid="13"/>
						<NodeRef refid="14"/>
						<NodeRef refid="15"/>
						
					</Subnodes>
				</Node>
				
				
				<Node type="folder">
					<Name>Categories</Name>
					<Path>index.html</Path>
					<Subnodes>
						<NodeRef refid="16"/>
						<NodeRef refid="17"/>
						
					</Subnodes>
				</Node>
				
				
				<Node type="folder">
					<Name>Protocols</Name>
					<Path>index.html</Path>
					<Subnodes>
						<NodeRef refid="18"/>
						<NodeRef refid="19"/>
						<NodeRef refid="20"/>
						
					</Subnodes>
				</Node>
				
			</Subnodes>
        </Node>
    </TOC>
	<Library>
		<Node id="1">
			<Name>SFApplication</Name>
			<Path>Classes/SFApplication.html</Path>
		</Node>
		<Node id="2">
			<Name>SFAuthorizingViewController</Name>
			<Path>Classes/SFAuthorizingViewController.html</Path>
		</Node>
		<Node id="3">
			<Name>SFIdentityCoordinator</Name>
			<Path>Classes/SFIdentityCoordinator.html</Path>
		</Node>
		<Node id="4">
			<Name>SFIdentityData</Name>
			<Path>Classes/SFIdentityData.html</Path>
		</Node>
		<Node id="5">
			<Name>SFJsonUtils</Name>
			<Path>Classes/SFJsonUtils.html</Path>
		</Node>
		<Node id="6">
			<Name>SFLogger</Name>
			<Path>Classes/SFLogger.html</Path>
		</Node>
		<Node id="7">
			<Name>SFNativeRestAppDelegate</Name>
			<Path>Classes/SFNativeRestAppDelegate.html</Path>
		</Node>
		<Node id="8">
			<Name>SFOAuthCoordinator</Name>
			<Path>Classes/SFOAuthCoordinator.html</Path>
		</Node>
		<Node id="9">
			<Name>SFOAuthCredentials</Name>
			<Path>Classes/SFOAuthCredentials.html</Path>
		</Node>
		<Node id="10">
			<Name>SFRestAPI</Name>
			<Path>Classes/SFRestAPI.html</Path>
		</Node>
		<Node id="11">
			<Name>SFRestRequest</Name>
			<Path>Classes/SFRestRequest.html</Path>
		</Node>
		<Node id="12">
			<Name>SFSmartStore</Name>
			<Path>Classes/SFSmartStore.html</Path>
		</Node>
		<Node id="13">
			<Name>SFSoupCursor</Name>
			<Path>Classes/SFSoupCursor.html</Path>
		</Node>
		<Node id="14">
			<Name>SFSoupIndex</Name>
			<Path>Classes/SFSoupIndex.html</Path>
		</Node>
		<Node id="15">
			<Name>SFSoupQuerySpec</Name>
			<Path>Classes/SFSoupQuerySpec.html</Path>
		</Node>
		
		<Node id="16">
			<Name>NSDictionary(NullHandling)</Name>
			<Path>Categories/NSDictionary(NullHandling).html</Path>
		</Node>
		<Node id="17">
			<Name>NSObject(SFLogging)</Name>
			<Path>Categories/NSObject(SFLogging).html</Path>
		</Node>
		
		<Node id="18">
			<Name>SFIdentityCoordinatorDelegate</Name>
			<Path>Protocols/SFIdentityCoordinatorDelegate.html</Path>
		</Node>
		<Node id="19">
			<Name>SFOAuthCoordinatorDelegate</Name>
			<Path>Protocols/SFOAuthCoordinatorDelegate.html</Path>
		</Node>
		<Node id="20">
			<Name>SFRestDelegate</Name>
			<Path>Protocols/SFRestDelegate.html</Path>
		</Node>
		
	</Library>
</DocSetNodes>