<?xml version="1.0" encoding="UTF-8"?>
<Tokens version="1.0">
	<File path="Classes/SFAuthorizingViewController.html">
		
		<Token>
			<TokenIdentifier>//apple_ref/occ/cl/SFAuthorizingViewController</TokenIdentifier>
			<Abstract>Sets up the view components for User Agent OAuth authentication.</Abstract>
			<DeclaredIn>SFAuthorizingViewController.h</DeclaredIn>
			
			<NodeRef refid="3"/>
		</Token>
		
		
		<Token>
			<TokenIdentifier>//apple_ref/occ/instp/SFAuthorizingViewController/authorizingMessageLabel</TokenIdentifier>
			<Abstract>The message label to show while loading.</Abstract>
			<DeclaredIn>SFAuthorizingViewController.h</DeclaredIn>			
			
			<Declaration>@property (nonatomic, retain) IBOutlet UILabel *authorizingMessageLabel</Declaration>
			
			
			<Anchor>//api/name/authorizingMessageLabel</Anchor>
		</Token>
		
		<Token>
			<TokenIdentifier>//apple_ref/occ/instp/SFAuthorizingViewController/oauthView</TokenIdentifier>
			<Abstract>Outlet to the OAuth web view.</Abstract>
			<DeclaredIn>SFAuthorizingViewController.h</DeclaredIn>			
			
			<Declaration>@property (nonatomic, retain) IBOutlet UIView *oauthView</Declaration>
			
			
			<Anchor>//api/name/oauthView</Anchor>
		</Token>
		
	</File>
</Tokens>