<?xml version="1.0" encoding="UTF-8"?>
<Tokens version="1.0">
	<File path="Protocols/SFIdentityCoordinatorDelegate.html">
		
		<Token>
			<TokenIdentifier>//apple_ref/occ/intf/SFIdentityCoordinatorDelegate</TokenIdentifier>
			<Abstract>Protocol for being a delegate to the SFIdentityCoordinator process.  Delegates may receive
notifications about the success or failure of the identity request process.</Abstract>
			<DeclaredIn>SFIdentityCoordinator.h</DeclaredIn>
			
	<RelatedTokens>
		<TokenIdentifier>//apple_ref/occ/cl/SFIdentityCoordinator</TokenIdentifier>
		
	</RelatedTokens>
	
			<NodeRef refid="19"/>
		</Token>
		
		
		<Token>
			<TokenIdentifier>//apple_ref/occ/intfm/SFIdentityCoordinatorDelegate/identityCoordinatorRetrievedData:</TokenIdentifier>
			<Abstract>Called when the identity coordinator successfully receives identity data from the service.</Abstract>
			<DeclaredIn>SFIdentityCoordinator.h</DeclaredIn>			
			
			<Declaration>- (void)identityCoordinatorRetrievedData:(SFIdentityCoordinator *)coordinator</Declaration>
			<Parameters>
				<Parameter>
					<Name>coordinator</Name>
					<Abstract>the SFIdentityCoordinator instance associated with the requested data.</Abstract>
				</Parameter>
			</Parameters>
			
			<Anchor>//api/name/identityCoordinatorRetrievedData:</Anchor>
		</Token>
		
		<Token>
			<TokenIdentifier>//apple_ref/occ/intfm/SFIdentityCoordinatorDelegate/identityCoordinator:didFailWithError:</TokenIdentifier>
			<Abstract>Called if there was an error while retrieving the identity data from the service.</Abstract>
			<DeclaredIn>SFIdentityCoordinator.h</DeclaredIn>			
			
			<Declaration>- (void)identityCoordinator:(SFIdentityCoordinator *)coordinator didFailWithError:(NSError *)error</Declaration>
			<Parameters>
				<Parameter>
					<Name>coordinator</Name>
					<Abstract>The SFIdentityCoordinator instance associated with the request.</Abstract>
				</Parameter><Parameter>
					<Name>error</Name>
					<Abstract>The error that occurred during the request.</Abstract>
				</Parameter>
			</Parameters>
			
			<Anchor>//api/name/identityCoordinator:didFailWithError:</Anchor>
		</Token>
		
	</File>
</Tokens>