<?xml version="1.0" encoding="UTF-8"?>
<Tokens version="1.0">
	<File path="Classes/SFOAuthCoordinator.html">
		
		<Token>
			<TokenIdentifier>//apple_ref/occ/cl/SFOAuthCoordinator</TokenIdentifier>
			<Abstract>The SFOAuthCoordinator class is the central class of the OAuth2 authentication process.</Abstract>
			<DeclaredIn>SFOAuthCoordinator.h</DeclaredIn>
			
			<NodeRef refid="9"/>
		</Token>
		
		
		<Token>
			<TokenIdentifier>//apple_ref/occ/instp/SFOAuthCoordinator/credentials</TokenIdentifier>
			<Abstract>User credentials to use within the authentication process.</Abstract>
			<DeclaredIn>SFOAuthCoordinator.h</DeclaredIn>			
			
	<RelatedTokens>
		<TokenIdentifier>//apple_ref/occ/cl/SFOAuthCredentials</TokenIdentifier>
		
	</RelatedTokens>
	
			<Declaration>@property (nonatomic, retain) SFOAuthCredentials *credentials</Declaration>
			
			
			<Anchor>//api/name/credentials</Anchor>
		</Token>
		
		<Token>
			<TokenIdentifier>//apple_ref/occ/instp/SFOAuthCoordinator/delegate</TokenIdentifier>
			<Abstract>The delegate object for this coordinator.</Abstract>
			<DeclaredIn>SFOAuthCoordinator.h</DeclaredIn>			
			
	<RelatedTokens>
		<TokenIdentifier>//apple_ref/occ/intf/SFOAuthCoordinatorDelegate</TokenIdentifier>
		
	</RelatedTokens>
	
			<Declaration>@property (nonatomic, assign) id&lt;SFOAuthCoordinatorDelegate&gt; delegate</Declaration>
			
			
			<Anchor>//api/name/delegate</Anchor>
		</Token>
		
		<Token>
			<TokenIdentifier>//apple_ref/occ/instp/SFOAuthCoordinator/scopes</TokenIdentifier>
			<Abstract>A set of scopes for OAuth.
See:
https://help.salesforce.com/apex/HTViewHelpDoc?language=en&id=remoteaccessoauthscopes.htm</Abstract>
			<DeclaredIn>SFOAuthCoordinator.h</DeclaredIn>			
			
			<Declaration>@property (nonatomic, copy) NSSet *scopes</Declaration>
			
			
			<Anchor>//api/name/scopes</Anchor>
		</Token>
		
		<Token>
			<TokenIdentifier>//apple_ref/occ/instp/SFOAuthCoordinator/timeout</TokenIdentifier>
			<Abstract>Timeout interval for OAuth requests.</Abstract>
			<DeclaredIn>SFOAuthCoordinator.h</DeclaredIn>			
			
			<Declaration>@property (nonatomic, assign) NSTimeInterval timeout</Declaration>
			
			
			<Anchor>//api/name/timeout</Anchor>
		</Token>
		
		<Token>
			<TokenIdentifier>//apple_ref/occ/instp/SFOAuthCoordinator/view</TokenIdentifier>
			<Abstract>View in which the user will input OAuth credentials for the user-agent flow OAuth process.</Abstract>
			<DeclaredIn>SFOAuthCoordinator.h</DeclaredIn>			
			
	<RelatedTokens>
		<TokenIdentifier>//apple_ref/occ/intf/SFOAuthCoordinatorDelegate</TokenIdentifier>
		
	</RelatedTokens>
	
			<Declaration>@property (nonatomic, readonly) UIWebView *view</Declaration>
			
			
			<Anchor>//api/name/view</Anchor>
		</Token>
		
		<Token>
			<TokenIdentifier>//apple_ref/occ/instm/SFOAuthCoordinator/initWithCredentials:</TokenIdentifier>
			<Abstract>Initializes a new OAuth coordinator with the supplied credentials. This is the designated initializer.</Abstract>
			<DeclaredIn>SFOAuthCoordinator.h</DeclaredIn>			
			
	<RelatedTokens>
		<TokenIdentifier>//apple_ref/occ/cl/SFOAuthCredentials</TokenIdentifier>
		
	</RelatedTokens>
	
			<Declaration>- (id)initWithCredentials:(SFOAuthCredentials *)credentials</Declaration>
			<Parameters>
				<Parameter>
					<Name>credentials</Name>
					<Abstract>An instance of SFOAuthCredentials identifying the user to be authenticated.</Abstract>
				</Parameter>
			</Parameters>
			<ReturnValue><Abstract>The initialized authentication coordinator.</Abstract></ReturnValue>
			<Anchor>//api/name/initWithCredentials:</Anchor>
		</Token>
		
		<Token>
			<TokenIdentifier>//apple_ref/occ/instm/SFOAuthCoordinator/authenticate</TokenIdentifier>
			<Abstract>Begins the authentication process.</Abstract>
			<DeclaredIn>SFOAuthCoordinator.h</DeclaredIn>			
			
			<Declaration>- (void)authenticate</Declaration>
			
			
			<Anchor>//api/name/authenticate</Anchor>
		</Token>
		
		<Token>
			<TokenIdentifier>//apple_ref/occ/instm/SFOAuthCoordinator/authenticateWithCredentials:</TokenIdentifier>
			<Abstract>Sets the credentials property and begins the authentication process. Simply a convenience method for:
coordinator.credentials = theCredentials;
[coordinator authenticate];</Abstract>
			<DeclaredIn>SFOAuthCoordinator.h</DeclaredIn>			
			
			<Declaration>- (void)authenticateWithCredentials:(SFOAuthCredentials *)credentials</Declaration>
			<Parameters>
				<Parameter>
					<Name>credentials</Name>
					<Abstract>The OAuth credentials used for authentication.</Abstract>
				</Parameter>
			</Parameters>
			
			<Anchor>//api/name/authenticateWithCredentials:</Anchor>
		</Token>
		
		<Token>
			<TokenIdentifier>//apple_ref/occ/instm/SFOAuthCoordinator/isAuthenticating</TokenIdentifier>
			<Abstract>Returns YES if the coordinator is in the process of authentication; otherwise NO.</Abstract>
			<DeclaredIn>SFOAuthCoordinator.h</DeclaredIn>			
			
			<Declaration>- (BOOL)isAuthenticating</Declaration>
			
			
			<Anchor>//api/name/isAuthenticating</Anchor>
		</Token>
		
		<Token>
			<TokenIdentifier>//apple_ref/occ/instm/SFOAuthCoordinator/stopAuthentication</TokenIdentifier>
			<Abstract>Stops the authentication process.</Abstract>
			<DeclaredIn>SFOAuthCoordinator.h</DeclaredIn>			
			
			<Declaration>- (void)stopAuthentication</Declaration>
			
			
			<Anchor>//api/name/stopAuthentication</Anchor>
		</Token>
		
		<Token>
			<TokenIdentifier>//apple_ref/occ/instm/SFOAuthCoordinator/revokeAuthentication</TokenIdentifier>
			<Abstract>Revokes the authentication credentials.</Abstract>
			<DeclaredIn>SFOAuthCoordinator.h</DeclaredIn>			
			
			<Declaration>- (void)revokeAuthentication</Declaration>
			
			
			<Anchor>//api/name/revokeAuthentication</Anchor>
		</Token>
		
	</File>
</Tokens>