<?xml version="1.0" encoding="UTF-8"?>
<Tokens version="1.0">
	<File path="Classes/SFNativeRestAppDelegate.html">
		
		<Token>
			<TokenIdentifier>//apple_ref/occ/cl/SFNativeRestAppDelegate</TokenIdentifier>
			<Abstract>Base class for Native-REST Salesforce Mobile SDK applications.</Abstract>
			<DeclaredIn>SFNativeRestAppDelegate.h</DeclaredIn>
			
			<NodeRef refid="8"/>
		</Token>
		
		
		<Token>
			<TokenIdentifier>//apple_ref/occ/instp/SFNativeRestAppDelegate/window</TokenIdentifier>
			<Abstract>The root window of the native application.</Abstract>
			<DeclaredIn>SFNativeRestAppDelegate.h</DeclaredIn>			
			
			<Declaration>@property (nonatomic, retain) IBOutlet UIWindow *window</Declaration>
			
			
			<Anchor>//api/name/window</Anchor>
		</Token>
		
		<Token>
			<TokenIdentifier>//apple_ref/occ/instp/SFNativeRestAppDelegate/viewController</TokenIdentifier>
			<Abstract>The current view controller of the application.</Abstract>
			<DeclaredIn>SFNativeRestAppDelegate.h</DeclaredIn>			
			
			<Declaration>@property (nonatomic, retain) IBOutlet UIViewController *viewController</Declaration>
			
			
			<Anchor>//api/name/viewController</Anchor>
		</Token>
		
		<Token>
			<TokenIdentifier>//apple_ref/occ/instp/SFNativeRestAppDelegate/coordinator</TokenIdentifier>
			<Abstract>The SFOAuthCoordinator used for managing login/logout.</Abstract>
			<DeclaredIn>SFNativeRestAppDelegate.h</DeclaredIn>			
			
			<Declaration>@property (nonatomic, readonly) SFOAuthCoordinator *coordinator</Declaration>
			
			
			<Anchor>//api/name/coordinator</Anchor>
		</Token>
		
		<Token>
			<TokenIdentifier>//apple_ref/occ/instp/SFNativeRestAppDelegate/idData</TokenIdentifier>
			<Abstract>The identity data associated with this app, retrieved from the ID service.</Abstract>
			<DeclaredIn>SFNativeRestAppDelegate.h</DeclaredIn>			
			
			<Declaration>@property (nonatomic, readonly) SFIdentityData *idData</Declaration>
			
			
			<Anchor>//api/name/idData</Anchor>
		</Token>
		
		<Token>
			<TokenIdentifier>//apple_ref/occ/instp/SFNativeRestAppDelegate/authViewController</TokenIdentifier>
			<Abstract>View controller that gives the app some view state while authorizing.</Abstract>
			<DeclaredIn>SFNativeRestAppDelegate.h</DeclaredIn>			
			
			<Declaration>@property (nonatomic, retain) SFAuthorizingViewController *authViewController</Declaration>
			
			
			<Anchor>//api/name/authViewController</Anchor>
		</Token>
		
		<Token>
			<TokenIdentifier>//apple_ref/occ/instp/SFNativeRestAppDelegate/appLogLevel</TokenIdentifier>
			<Abstract>The log level assigned to the app.  Defaults to Debug for dev builds, and Info for release
builds.</Abstract>
			<DeclaredIn>SFNativeRestAppDelegate.h</DeclaredIn>			
			
			<Declaration>@property (assign) SFLogLevel appLogLevel</Declaration>
			
			
			<Anchor>//api/name/appLogLevel</Anchor>
		</Token>
		
		<Token>
			<TokenIdentifier>//apple_ref/occ/clm/SFNativeRestAppDelegate/isIPad</TokenIdentifier>
			<Abstract>YES if this device is an iPad</Abstract>
			<DeclaredIn>SFNativeRestAppDelegate.h</DeclaredIn>			
			
			<Declaration>+ (BOOL)isIPad</Declaration>
			
			<ReturnValue><Abstract>YES if this device is an iPad</Abstract></ReturnValue>
			<Anchor>//api/name/isIPad</Anchor>
		</Token>
		
		<Token>
			<TokenIdentifier>//apple_ref/occ/clm/SFNativeRestAppDelegate/oauthScopes</TokenIdentifier>
			<Abstract>Override this method to change the scopes that should be used,
default value is:
[NSSet setWithObjects:@"api",nil]</Abstract>
			<DeclaredIn>SFNativeRestAppDelegate.h</DeclaredIn>			
			
			<Declaration>+ (NSSet *)oauthScopes</Declaration>
			
			<ReturnValue><Abstract>The set of oauth scopes that should be requested for this app.</Abstract></ReturnValue>
			<Anchor>//api/name/oauthScopes</Anchor>
		</Token>
		
		<Token>
			<TokenIdentifier>//apple_ref/occ/instm/SFNativeRestAppDelegate/login</TokenIdentifier>
			<Abstract>Kickoff the login process.</Abstract>
			<DeclaredIn>SFNativeRestAppDelegate.h</DeclaredIn>			
			
			<Declaration>- (void)login</Declaration>
			
			
			<Anchor>//api/name/login</Anchor>
		</Token>
		
		<Token>
			<TokenIdentifier>//apple_ref/occ/instm/SFNativeRestAppDelegate/loggedIn</TokenIdentifier>
			<Abstract>Sent whenever the use has been logged in using current settings.
Be sure to call super if you override this.</Abstract>
			<DeclaredIn>SFNativeRestAppDelegate.h</DeclaredIn>			
			
			<Declaration>- (void)loggedIn</Declaration>
			
			
			<Anchor>//api/name/loggedIn</Anchor>
		</Token>
		
		<Token>
			<TokenIdentifier>//apple_ref/occ/instm/SFNativeRestAppDelegate/logout</TokenIdentifier>
			<Abstract>Forces a logout from the current account.
This throws out the OAuth refresh token.</Abstract>
			<DeclaredIn>SFNativeRestAppDelegate.h</DeclaredIn>			
			
			<Declaration>- (void)logout</Declaration>
			
			
			<Anchor>//api/name/logout</Anchor>
		</Token>
		
		<Token>
			<TokenIdentifier>//apple_ref/occ/instm/SFNativeRestAppDelegate/clearDataModel</TokenIdentifier>
			<Abstract>This disposes of any current data.</Abstract>
			<DeclaredIn>SFNativeRestAppDelegate.h</DeclaredIn>			
			
			<Declaration>- (void)clearDataModel</Declaration>
			
			
			<Anchor>//api/name/clearDataModel</Anchor>
		</Token>
		
		<Token>
			<TokenIdentifier>//apple_ref/occ/instm/SFNativeRestAppDelegate/remoteAccessConsumerKey</TokenIdentifier>
			<Abstract>Your subclass MUST override this method</Abstract>
			<DeclaredIn>SFNativeRestAppDelegate.h</DeclaredIn>			
			
			<Declaration>- (NSString *)remoteAccessConsumerKey</Declaration>
			
			<ReturnValue><Abstract>NSString the Remote Access object consumer key</Abstract></ReturnValue>
			<Anchor>//api/name/remoteAccessConsumerKey</Anchor>
		</Token>
		
		<Token>
			<TokenIdentifier>//apple_ref/occ/instm/SFNativeRestAppDelegate/oauthRedirectURI</TokenIdentifier>
			<Abstract>Your subclass MUST override this method</Abstract>
			<DeclaredIn>SFNativeRestAppDelegate.h</DeclaredIn>			
			
			<Declaration>- (NSString *)oauthRedirectURI</Declaration>
			
			<ReturnValue><Abstract>NSString the Remote Access object redirect URI</Abstract></ReturnValue>
			<Anchor>//api/name/oauthRedirectURI</Anchor>
		</Token>
		
		<Token>
			<TokenIdentifier>//apple_ref/occ/instm/SFNativeRestAppDelegate/oauthLoginDomain</TokenIdentifier>
			<Abstract>By default this method obtains the login domain from Settings (see Settings.bundle)
Your subclass MAY override this to lock logins to a particular domain.</Abstract>
			<DeclaredIn>SFNativeRestAppDelegate.h</DeclaredIn>			
			
			<Declaration>- (NSString *)oauthLoginDomain</Declaration>
			
			<ReturnValue><Abstract>NSString the Remote Access object Login Domain</Abstract></ReturnValue>
			<Anchor>//api/name/oauthLoginDomain</Anchor>
		</Token>
		
		<Token>
			<TokenIdentifier>//apple_ref/occ/instm/SFNativeRestAppDelegate/userAccountIdentifier</TokenIdentifier>
			<Abstract>Your subclass MAY override this method to provide an account identifier,
such as the most-recently-used username.</Abstract>
			<DeclaredIn>SFNativeRestAppDelegate.h</DeclaredIn>			
			
			<Declaration>- (NSString *)userAccountIdentifier</Declaration>
			
			<ReturnValue><Abstract>NSString An account identifier such as most recently used username.</Abstract></ReturnValue>
			<Anchor>//api/name/userAccountIdentifier</Anchor>
		</Token>
		
		<Token>
			<TokenIdentifier>//apple_ref/occ/instm/SFNativeRestAppDelegate/newRootViewController</TokenIdentifier>
			<Abstract>Your subclass MUST override this method to provide a root view controller.
Create and return a new instance of your app's root view controlller.
This should be the view controller loaded after login succeeds.</Abstract>
			<DeclaredIn>SFNativeRestAppDelegate.h</DeclaredIn>			
			
			<Declaration>- (UIViewController *)newRootViewController</Declaration>
			
			<ReturnValue><Abstract>UIViewController A view controller to be shown after login succeeds.</Abstract></ReturnValue>
			<Anchor>//api/name/newRootViewController</Anchor>
		</Token>
		
	</File>
</Tokens>