<?xml version="1.0" encoding="UTF-8"?>
<Tokens version="1.0">
	<File path="Protocols/SFRestDelegate.html">
		
		<Token>
			<TokenIdentifier>//apple_ref/occ/intf/SFRestDelegate</TokenIdentifier>
			<Abstract>Lifecycle events for SFRestRequests.</Abstract>
			<DeclaredIn>SFRestRequest.h</DeclaredIn>
			
			<NodeRef refid="13"/>
		</Token>
		
		
		<Token>
			<TokenIdentifier>//apple_ref/occ/intfm/SFRestDelegate/request:didLoadResponse:</TokenIdentifier>
			<Abstract>Sent when a request has finished loading.</Abstract>
			<DeclaredIn>SFRestRequest.h</DeclaredIn>			
			
			<Declaration>- (void)request:(SFRestRequest *)request didLoadResponse:(id)jsonResponse</Declaration>
			<Parameters>
				<Parameter>
					<Name>request</Name>
					<Abstract>The request that was loaded.</Abstract>
				</Parameter><Parameter>
					<Name>jsonResponse</Name>
					<Abstract>The JSON data in the response.</Abstract>
				</Parameter>
			</Parameters>
			
			<Anchor>//api/name/request:didLoadResponse:</Anchor>
		</Token>
		
		<Token>
			<TokenIdentifier>//apple_ref/occ/intfm/SFRestDelegate/request:didFailLoadWithError:</TokenIdentifier>
			<Abstract>Sent when a request has failed due to an error.
This includes HTTP network errors, as well as Salesforce errors
(for example, passing an invalid SOQL string when doing a query).</Abstract>
			<DeclaredIn>SFRestRequest.h</DeclaredIn>			
			
			<Declaration>- (void)request:(SFRestRequest *)request didFailLoadWithError:(NSError *)error</Declaration>
			<Parameters>
				<Parameter>
					<Name>request</Name>
					<Abstract>The attempted request.</Abstract>
				</Parameter><Parameter>
					<Name>error</Name>
					<Abstract>The error associated with the failed request.</Abstract>
				</Parameter>
			</Parameters>
			
			<Anchor>//api/name/request:didFailLoadWithError:</Anchor>
		</Token>
		
		<Token>
			<TokenIdentifier>//apple_ref/occ/intfm/SFRestDelegate/requestDidCancelLoad:</TokenIdentifier>
			<Abstract>Sent to the delegate when a request was cancelled.</Abstract>
			<DeclaredIn>SFRestRequest.h</DeclaredIn>			
			
			<Declaration>- (void)requestDidCancelLoad:(SFRestRequest *)request</Declaration>
			<Parameters>
				<Parameter>
					<Name>request</Name>
					<Abstract>The canceled request.</Abstract>
				</Parameter>
			</Parameters>
			
			<Anchor>//api/name/requestDidCancelLoad:</Anchor>
		</Token>
		
		<Token>
			<TokenIdentifier>//apple_ref/occ/intfm/SFRestDelegate/requestDidTimeout:</TokenIdentifier>
			<Abstract>Sent to the delegate when a request has timed out. This is sent when a
backgrounded request expired before completion.</Abstract>
			<DeclaredIn>SFRestRequest.h</DeclaredIn>			
			
			<Declaration>- (void)requestDidTimeout:(SFRestRequest *)request</Declaration>
			<Parameters>
				<Parameter>
					<Name>request</Name>
					<Abstract>The request that timed out.</Abstract>
				</Parameter>
			</Parameters>
			
			<Anchor>//api/name/requestDidTimeout:</Anchor>
		</Token>
		
	</File>
</Tokens>