<?xml version="1.0" encoding="UTF-8"?>
<Tokens version="1.0">
	<File path="Protocols/SFOAuthCoordinatorDelegate.html">
		
		<Token>
			<TokenIdentifier>//apple_ref/occ/intf/SFOAuthCoordinatorDelegate</TokenIdentifier>
			<Abstract>Protocol for objects intending to be a delegate for an OAuth coordinator.</Abstract>
			<DeclaredIn>SFOAuthCoordinator.h</DeclaredIn>
			
	<RelatedTokens>
		<TokenIdentifier>//apple_ref/occ/cl/SFOAuthCoordinator</TokenIdentifier>
		
	</RelatedTokens>
	
			<NodeRef refid="18"/>
		</Token>
		
		
		<Token>
			<TokenIdentifier>//apple_ref/occ/intfm/SFOAuthCoordinatorDelegate/oauthCoordinator:willBeginAuthenticationWithView:</TokenIdentifier>
			<Abstract>Sent when authentication will begin.</Abstract>
			<DeclaredIn>SFOAuthCoordinator.h</DeclaredIn>			
			
	<RelatedTokens>
		<TokenIdentifier>//apple_ref/occ/cl/SFOAuthCoordinator</TokenIdentifier>
		
	</RelatedTokens>
	
			<Declaration>- (void)oauthCoordinator:(SFOAuthCoordinator *)coordinator willBeginAuthenticationWithView:(UIWebView *)view</Declaration>
			<Parameters>
				<Parameter>
					<Name>coordinator</Name>
					<Abstract>The SFOAuthCoordinator instance processing this message</Abstract>
				</Parameter><Parameter>
					<Name>view</Name>
					<Abstract>The UIWebView instance that will be used to conduct the authentication workflow</Abstract>
				</Parameter>
			</Parameters>
			
			<Anchor>//api/name/oauthCoordinator:willBeginAuthenticationWithView:</Anchor>
		</Token>
		
		<Token>
			<TokenIdentifier>//apple_ref/occ/intfm/SFOAuthCoordinatorDelegate/oauthCoordinator:didStartLoad:</TokenIdentifier>
			<Abstract>Sent when the web will starts to load its content.</Abstract>
			<DeclaredIn>SFOAuthCoordinator.h</DeclaredIn>			
			
			<Declaration>- (void)oauthCoordinator:(SFOAuthCoordinator *)coordinator didStartLoad:(UIWebView *)view</Declaration>
			<Parameters>
				<Parameter>
					<Name>coordinator</Name>
					<Abstract>The SFOAuthCoordinator instance processing this message</Abstract>
				</Parameter><Parameter>
					<Name>view</Name>
					<Abstract>The UIWebView instance that will be used to conduct the authentication workflow</Abstract>
				</Parameter>
			</Parameters>
			
			<Anchor>//api/name/oauthCoordinator:didStartLoad:</Anchor>
		</Token>
		
		<Token>
			<TokenIdentifier>//apple_ref/occ/intfm/SFOAuthCoordinatorDelegate/oauthCoordinator:didFinishLoad:error:</TokenIdentifier>
			<Abstract>Sent when the web will completed to load its content.</Abstract>
			<DeclaredIn>SFOAuthCoordinator.h</DeclaredIn>			
			
			<Declaration>- (void)oauthCoordinator:(SFOAuthCoordinator *)coordinator didFinishLoad:(UIWebView *)view error:(NSError *)errorOrNil</Declaration>
			<Parameters>
				<Parameter>
					<Name>coordinator</Name>
					<Abstract>The SFOAuthCoordinator instance processing this message</Abstract>
				</Parameter><Parameter>
					<Name>view</Name>
					<Abstract>The UIWebView instance that will be used to conduct the authentication workflow</Abstract>
				</Parameter><Parameter>
					<Name>errorOrNil</Name>
					<Abstract>Contains the error or nil if no error</Abstract>
				</Parameter>
			</Parameters>
			
			<Anchor>//api/name/oauthCoordinator:didFinishLoad:error:</Anchor>
		</Token>
		
		<Token>
			<TokenIdentifier>//apple_ref/occ/intfm/SFOAuthCoordinatorDelegate/oauthCoordinator:didBeginAuthenticationWithView:</TokenIdentifier>
			<Abstract>Sent after authentication has begun and the view parameter is displaying the first page of authentication content.</Abstract>
			<DeclaredIn>SFOAuthCoordinator.h</DeclaredIn>			
			
	<RelatedTokens>
		<TokenIdentifier>//apple_ref/occ/cl/SFOAuthCoordinator</TokenIdentifier>
		
	</RelatedTokens>
	
			<Declaration>- (void)oauthCoordinator:(SFOAuthCoordinator *)coordinator didBeginAuthenticationWithView:(UIWebView *)view</Declaration>
			<Parameters>
				<Parameter>
					<Name>coordinator</Name>
					<Abstract>The SFOAuthCoordinator instance processing this message</Abstract>
				</Parameter><Parameter>
					<Name>view</Name>
					<Abstract>The UIWebView instance that will be used to conduct the authentication workflow</Abstract>
				</Parameter>
			</Parameters>
			
			<Anchor>//api/name/oauthCoordinator:didBeginAuthenticationWithView:</Anchor>
		</Token>
		
		<Token>
			<TokenIdentifier>//apple_ref/occ/intfm/SFOAuthCoordinatorDelegate/oauthCoordinatorDidAuthenticate:</TokenIdentifier>
			<Abstract>Sent when authentication successfully completes.</Abstract>
			<DeclaredIn>SFOAuthCoordinator.h</DeclaredIn>			
			
	<RelatedTokens>
		<TokenIdentifier>//apple_ref/occ/cl/SFOAuthCoordinator</TokenIdentifier>
		
	</RelatedTokens>
	
			<Declaration>- (void)oauthCoordinatorDidAuthenticate:(SFOAuthCoordinator *)coordinator</Declaration>
			<Parameters>
				<Parameter>
					<Name>coordinator</Name>
					<Abstract>The SFOAuthCoordinator instance processing this message</Abstract>
				</Parameter>
			</Parameters>
			
			<Anchor>//api/name/oauthCoordinatorDidAuthenticate:</Anchor>
		</Token>
		
		<Token>
			<TokenIdentifier>//apple_ref/occ/intfm/SFOAuthCoordinatorDelegate/oauthCoordinator:didFailWithError:</TokenIdentifier>
			<Abstract>Sent if authentication fails due to an error.</Abstract>
			<DeclaredIn>SFOAuthCoordinator.h</DeclaredIn>			
			
	<RelatedTokens>
		<TokenIdentifier>//apple_ref/occ/cl/SFOAuthCoordinator</TokenIdentifier>
		
	</RelatedTokens>
	
			<Declaration>- (void)oauthCoordinator:(SFOAuthCoordinator *)coordinator didFailWithError:(NSError *)error</Declaration>
			<Parameters>
				<Parameter>
					<Name>coordinator</Name>
					<Abstract>The SFOAuthCoordinator instance processing this message</Abstract>
				</Parameter><Parameter>
					<Name>error</Name>
					<Abstract>The error message</Abstract>
				</Parameter>
			</Parameters>
			
			<Anchor>//api/name/oauthCoordinator:didFailWithError:</Anchor>
		</Token>
		
	</File>
</Tokens>