<?xml version="1.0" encoding="UTF-8"?>
<Tokens version="1.0">
	<File path="Categories/NSObject(SFLogging).html">
		
		<Token>
			<TokenIdentifier>//apple_ref/occ/cat/NSObject</TokenIdentifier>
			<Abstract>Allows your class to log messages specific to that class.
You should be able to use this 99% of the time.</Abstract>
			<DeclaredIn>SFLogger.h</DeclaredIn>
			
			<NodeRef refid="18"/>
		</Token>
		
		
		<Token>
			<TokenIdentifier>//apple_ref/occ/intfm/NSObject/log:msg:</TokenIdentifier>
			<Abstract>Logs a message with the given level.</Abstract>
			<DeclaredIn>SFLogger.h</DeclaredIn>			
			
			<Declaration>- (void)log:(SFLogLevel)level msg:(NSString *)msg</Declaration>
			<Parameters>
				<Parameter>
					<Name>level</Name>
					<Abstract>The minimum log level to log at.</Abstract>
				</Parameter><Parameter>
					<Name>msg</Name>
					<Abstract>The message to log.</Abstract>
				</Parameter>
			</Parameters>
			
			<Anchor>//api/name/log:msg:</Anchor>
		</Token>
		
		<Token>
			<TokenIdentifier>//apple_ref/occ/intfm/NSObject/log:format:</TokenIdentifier>
			<Abstract>Logs a formatted message with the given log level and format parameters.</Abstract>
			<DeclaredIn>SFLogger.h</DeclaredIn>			
			
			<Declaration>- (void)log:(SFLogLevel)level format:(NSString *)msg, ...</Declaration>
			<Parameters>
				<Parameter>
					<Name>level</Name>
					<Abstract>The minimum log level to log at.</Abstract>
				</Parameter><Parameter>
					<Name>msg</Name>
					<Abstract>The format message, and optional arguments to expand in the format.</Abstract>
				</Parameter>
			</Parameters>
			
			<Anchor>//api/name/log:format:</Anchor>
		</Token>
		
	</File>
</Tokens>