<?xml version="1.0" encoding="UTF-8"?>
<Tokens version="1.0">
	<File path="Classes/SFLogger.html">
		
		<Token>
			<TokenIdentifier>//apple_ref/occ/cl/SFLogger</TokenIdentifier>
			<Abstract>Generic logging utility: logs to both console and persistent file.</Abstract>
			<DeclaredIn>SFLogger.h</DeclaredIn>
			
			<NodeRef refid="5"/>
		</Token>
		
		
		<Token>
			<TokenIdentifier>//apple_ref/occ/clm/SFLogger/logFileContents</TokenIdentifier>
			<Abstract>Get access to the content of the application log file.</Abstract>
			<DeclaredIn>SFLogger.h</DeclaredIn>			
			
			<Declaration>+ (NSString *)logFileContents</Declaration>
			
			
			<Anchor>//api/name/logFileContents</Anchor>
		</Token>
		
		<Token>
			<TokenIdentifier>//apple_ref/occ/clm/SFLogger/log:level:msg:</TokenIdentifier>
			<Abstract>Should only be used if you don't have an NSObject instance to
log from.</Abstract>
			<DeclaredIn>SFLogger.h</DeclaredIn>			
			
			<Declaration>+ (void)log:(Class)cls level:(SFLogLevel)level msg:(NSString *)msg</Declaration>
			
			
			<Anchor>//api/name/log:level:msg:</Anchor>
		</Token>
		
		<Token>
			<TokenIdentifier>//apple_ref/occ/clm/SFLogger/applyLogLevelFromPreferences</TokenIdentifier>
			<Abstract>Sets the log level based on the user preferences.</Abstract>
			<DeclaredIn>SFLogger.h</DeclaredIn>			
			
			<Declaration>+ (void)applyLogLevelFromPreferences</Declaration>
			
			
			<Anchor>//api/name/applyLogLevelFromPreferences</Anchor>
		</Token>
		
	</File>
</Tokens>