<?xml version="1.0" encoding="UTF-8"?>
<Tokens version="1.0">
	<File path="Classes/SFIdentityData.html">
		
		<Token>
			<TokenIdentifier>//apple_ref/occ/cl/SFIdentityData</TokenIdentifier>
			<Abstract>The data structure for the identity data that's retrieved from the Salesforce service.</Abstract>
			<DeclaredIn>SFIdentityData.h</DeclaredIn>
			
	<RelatedTokens>
		<TokenIdentifier>//apple_ref/occ/cl/SFIdentityCoordinator</TokenIdentifier>
		
	</RelatedTokens>
	
			<NodeRef refid="4"/>
		</Token>
		
		
		<Token>
			<TokenIdentifier>//apple_ref/occ/instp/SFIdentityData/dictRepresentation</TokenIdentifier>
			<Abstract>The NSDictionary representation of this identity data.</Abstract>
			<DeclaredIn>SFIdentityData.h</DeclaredIn>			
			
			<Declaration>@property (nonatomic, readonly) NSDictionary *dictRepresentation</Declaration>
			
			
			<Anchor>//api/name/dictRepresentation</Anchor>
		</Token>
		
		<Token>
			<TokenIdentifier>//apple_ref/occ/instp/SFIdentityData/idUrl</TokenIdentifier>
			<Abstract>The ID URL.</Abstract>
			<DeclaredIn>SFIdentityData.h</DeclaredIn>			
			
			<Declaration>@property (nonatomic, readonly) NSURL *idUrl</Declaration>
			
			
			<Anchor>//api/name/idUrl</Anchor>
		</Token>
		
		<Token>
			<TokenIdentifier>//apple_ref/occ/instp/SFIdentityData/assertedUser</TokenIdentifier>
			<Abstract>Whether or not this is the asserted user for this session.</Abstract>
			<DeclaredIn>SFIdentityData.h</DeclaredIn>			
			
			<Declaration>@property (readonly) BOOL assertedUser</Declaration>
			
			
			<Anchor>//api/name/assertedUser</Anchor>
		</Token>
		
		<Token>
			<TokenIdentifier>//apple_ref/occ/instp/SFIdentityData/userId</TokenIdentifier>
			<Abstract>The User ID of the associated user.</Abstract>
			<DeclaredIn>SFIdentityData.h</DeclaredIn>			
			
			<Declaration>@property (nonatomic, readonly) NSString *userId</Declaration>
			
			
			<Anchor>//api/name/userId</Anchor>
		</Token>
		
		<Token>
			<TokenIdentifier>//apple_ref/occ/instp/SFIdentityData/orgId</TokenIdentifier>
			<Abstract>The Organization ID of the associated user.</Abstract>
			<DeclaredIn>SFIdentityData.h</DeclaredIn>			
			
			<Declaration>@property (nonatomic, readonly) NSString *orgId</Declaration>
			
			
			<Anchor>//api/name/orgId</Anchor>
		</Token>
		
		<Token>
			<TokenIdentifier>//apple_ref/occ/instp/SFIdentityData/username</TokenIdentifier>
			<Abstract>The username of the associated user.</Abstract>
			<DeclaredIn>SFIdentityData.h</DeclaredIn>			
			
			<Declaration>@property (nonatomic, readonly) NSString *username</Declaration>
			
			
			<Anchor>//api/name/username</Anchor>
		</Token>
		
		<Token>
			<TokenIdentifier>//apple_ref/occ/instp/SFIdentityData/nickname</TokenIdentifier>
			<Abstract>The nickname of the associated user.</Abstract>
			<DeclaredIn>SFIdentityData.h</DeclaredIn>			
			
			<Declaration>@property (nonatomic, readonly) NSString *nickname</Declaration>
			
			
			<Anchor>//api/name/nickname</Anchor>
		</Token>
		
		<Token>
			<TokenIdentifier>//apple_ref/occ/instp/SFIdentityData/displayName</TokenIdentifier>
			<Abstract>The display name of the associated user.</Abstract>
			<DeclaredIn>SFIdentityData.h</DeclaredIn>			
			
			<Declaration>@property (nonatomic, readonly) NSString *displayName</Declaration>
			
			
			<Anchor>//api/name/displayName</Anchor>
		</Token>
		
		<Token>
			<TokenIdentifier>//apple_ref/occ/instp/SFIdentityData/email</TokenIdentifier>
			<Abstract>The email address of the associated user.</Abstract>
			<DeclaredIn>SFIdentityData.h</DeclaredIn>			
			
			<Declaration>@property (nonatomic, readonly) NSString *email</Declaration>
			
			
			<Anchor>//api/name/email</Anchor>
		</Token>
		
		<Token>
			<TokenIdentifier>//apple_ref/occ/instp/SFIdentityData/firstName</TokenIdentifier>
			<Abstract>The first name of the user.</Abstract>
			<DeclaredIn>SFIdentityData.h</DeclaredIn>			
			
			<Declaration>@property (nonatomic, readonly) NSString *firstName</Declaration>
			
			
			<Anchor>//api/name/firstName</Anchor>
		</Token>
		
		<Token>
			<TokenIdentifier>//apple_ref/occ/instp/SFIdentityData/lastName</TokenIdentifier>
			<Abstract>The last name of the user.</Abstract>
			<DeclaredIn>SFIdentityData.h</DeclaredIn>			
			
			<Declaration>@property (nonatomic, readonly) NSString *lastName</Declaration>
			
			
			<Anchor>//api/name/lastName</Anchor>
		</Token>
		
		<Token>
			<TokenIdentifier>//apple_ref/occ/instp/SFIdentityData/statusBody</TokenIdentifier>
			<Abstract>The body content of the user's status, if any.</Abstract>
			<DeclaredIn>SFIdentityData.h</DeclaredIn>			
			
			<Declaration>@property (nonatomic, readonly) NSString *statusBody</Declaration>
			
			
			<Anchor>//api/name/statusBody</Anchor>
		</Token>
		
		<Token>
			<TokenIdentifier>//apple_ref/occ/instp/SFIdentityData/statusCreationDate</TokenIdentifier>
			<Abstract>The creation date of the user's current status, if any.</Abstract>
			<DeclaredIn>SFIdentityData.h</DeclaredIn>			
			
			<Declaration>@property (nonatomic, readonly) NSDate *statusCreationDate</Declaration>
			
			
			<Anchor>//api/name/statusCreationDate</Anchor>
		</Token>
		
		<Token>
			<TokenIdentifier>//apple_ref/occ/instp/SFIdentityData/pictureUrl</TokenIdentifier>
			<Abstract>The URL to retrieve the user's picture.</Abstract>
			<DeclaredIn>SFIdentityData.h</DeclaredIn>			
			
			<Declaration>@property (nonatomic, readonly) NSURL *pictureUrl</Declaration>
			
			
			<Anchor>//api/name/pictureUrl</Anchor>
		</Token>
		
		<Token>
			<TokenIdentifier>//apple_ref/occ/instp/SFIdentityData/thumbnailUrl</TokenIdentifier>
			<Abstract>The URL to retrieve a thumbnail picture for the user.</Abstract>
			<DeclaredIn>SFIdentityData.h</DeclaredIn>			
			
			<Declaration>@property (nonatomic, readonly) NSURL *thumbnailUrl</Declaration>
			
			
			<Anchor>//api/name/thumbnailUrl</Anchor>
		</Token>
		
		<Token>
			<TokenIdentifier>//apple_ref/occ/instp/SFIdentityData/enterpriseSoapUrl</TokenIdentifier>
			<Abstract>The enterprise SOAP API URL for this user.</Abstract>
			<DeclaredIn>SFIdentityData.h</DeclaredIn>			
			
			<Declaration>@property (nonatomic, readonly) NSURL *enterpriseSoapUrl</Declaration>
			
			
			<Anchor>//api/name/enterpriseSoapUrl</Anchor>
		</Token>
		
		<Token>
			<TokenIdentifier>//apple_ref/occ/instp/SFIdentityData/metadataSoapUrl</TokenIdentifier>
			<Abstract>The metadata SOAP API URL for this user.</Abstract>
			<DeclaredIn>SFIdentityData.h</DeclaredIn>			
			
			<Declaration>@property (nonatomic, readonly) NSURL *metadataSoapUrl</Declaration>
			
			
			<Anchor>//api/name/metadataSoapUrl</Anchor>
		</Token>
		
		<Token>
			<TokenIdentifier>//apple_ref/occ/instp/SFIdentityData/partnerSoapUrl</TokenIdentifier>
			<Abstract>The partner SOAP API URL for this user.</Abstract>
			<DeclaredIn>SFIdentityData.h</DeclaredIn>			
			
			<Declaration>@property (nonatomic, readonly) NSURL *partnerSoapUrl</Declaration>
			
			
			<Anchor>//api/name/partnerSoapUrl</Anchor>
		</Token>
		
		<Token>
			<TokenIdentifier>//apple_ref/occ/instp/SFIdentityData/restUrl</TokenIdentifier>
			<Abstract>The REST API URL entry point for this user.</Abstract>
			<DeclaredIn>SFIdentityData.h</DeclaredIn>			
			
			<Declaration>@property (nonatomic, readonly) NSURL *restUrl</Declaration>
			
			
			<Anchor>//api/name/restUrl</Anchor>
		</Token>
		
		<Token>
			<TokenIdentifier>//apple_ref/occ/instp/SFIdentityData/restSObjectsUrl</TokenIdentifier>
			<Abstract>The REST endpoint for SObjects.</Abstract>
			<DeclaredIn>SFIdentityData.h</DeclaredIn>			
			
			<Declaration>@property (nonatomic, readonly) NSURL *restSObjectsUrl</Declaration>
			
			
			<Anchor>//api/name/restSObjectsUrl</Anchor>
		</Token>
		
		<Token>
			<TokenIdentifier>//apple_ref/occ/instp/SFIdentityData/restSearchUrl</TokenIdentifier>
			<Abstract>The REST endpoint for search.</Abstract>
			<DeclaredIn>SFIdentityData.h</DeclaredIn>			
			
			<Declaration>@property (nonatomic, readonly) NSURL *restSearchUrl</Declaration>
			
			
			<Anchor>//api/name/restSearchUrl</Anchor>
		</Token>
		
		<Token>
			<TokenIdentifier>//apple_ref/occ/instp/SFIdentityData/restQueryUrl</TokenIdentifier>
			<Abstract>The REST endpoint for queries.</Abstract>
			<DeclaredIn>SFIdentityData.h</DeclaredIn>			
			
			<Declaration>@property (nonatomic, readonly) NSURL *restQueryUrl</Declaration>
			
			
			<Anchor>//api/name/restQueryUrl</Anchor>
		</Token>
		
		<Token>
			<TokenIdentifier>//apple_ref/occ/instp/SFIdentityData/restRecentUrl</TokenIdentifier>
			<Abstract>The REST endpoint for recent activity.</Abstract>
			<DeclaredIn>SFIdentityData.h</DeclaredIn>			
			
			<Declaration>@property (nonatomic, readonly) NSURL *restRecentUrl</Declaration>
			
			
			<Anchor>//api/name/restRecentUrl</Anchor>
		</Token>
		
		<Token>
			<TokenIdentifier>//apple_ref/occ/instp/SFIdentityData/profileUrl</TokenIdentifier>
			<Abstract>The user profile URL.</Abstract>
			<DeclaredIn>SFIdentityData.h</DeclaredIn>			
			
			<Declaration>@property (nonatomic, readonly) NSURL *profileUrl</Declaration>
			
			
			<Anchor>//api/name/profileUrl</Anchor>
		</Token>
		
		<Token>
			<TokenIdentifier>//apple_ref/occ/instp/SFIdentityData/chatterFeedsUrl</TokenIdentifier>
			<Abstract>The URL for Chatter feeds.</Abstract>
			<DeclaredIn>SFIdentityData.h</DeclaredIn>			
			
			<Declaration>@property (nonatomic, readonly) NSURL *chatterFeedsUrl</Declaration>
			
			
			<Anchor>//api/name/chatterFeedsUrl</Anchor>
		</Token>
		
		<Token>
			<TokenIdentifier>//apple_ref/occ/instp/SFIdentityData/chatterGroupsUrl</TokenIdentifier>
			<Abstract>The URL for Chatter groups.</Abstract>
			<DeclaredIn>SFIdentityData.h</DeclaredIn>			
			
			<Declaration>@property (nonatomic, readonly) NSURL *chatterGroupsUrl</Declaration>
			
			
			<Anchor>//api/name/chatterGroupsUrl</Anchor>
		</Token>
		
		<Token>
			<TokenIdentifier>//apple_ref/occ/instp/SFIdentityData/chatterUsersUrl</TokenIdentifier>
			<Abstract>The URL for Chatter users.</Abstract>
			<DeclaredIn>SFIdentityData.h</DeclaredIn>			
			
			<Declaration>@property (nonatomic, readonly) NSURL *chatterUsersUrl</Declaration>
			
			
			<Anchor>//api/name/chatterUsersUrl</Anchor>
		</Token>
		
		<Token>
			<TokenIdentifier>//apple_ref/occ/instp/SFIdentityData/chatterFeedItemsUrl</TokenIdentifier>
			<Abstract>The URL for Chatter feed items.</Abstract>
			<DeclaredIn>SFIdentityData.h</DeclaredIn>			
			
			<Declaration>@property (nonatomic, readonly) NSURL *chatterFeedItemsUrl</Declaration>
			
			
			<Anchor>//api/name/chatterFeedItemsUrl</Anchor>
		</Token>
		
		<Token>
			<TokenIdentifier>//apple_ref/occ/instp/SFIdentityData/isActive</TokenIdentifier>
			<Abstract>Whether or not this user is active.</Abstract>
			<DeclaredIn>SFIdentityData.h</DeclaredIn>			
			
			<Declaration>@property (readonly) BOOL isActive</Declaration>
			
			
			<Anchor>//api/name/isActive</Anchor>
		</Token>
		
		<Token>
			<TokenIdentifier>//apple_ref/occ/instp/SFIdentityData/userType</TokenIdentifier>
			<Abstract>The user type.</Abstract>
			<DeclaredIn>SFIdentityData.h</DeclaredIn>			
			
			<Declaration>@property (nonatomic, readonly) NSString *userType</Declaration>
			
			
			<Anchor>//api/name/userType</Anchor>
		</Token>
		
		<Token>
			<TokenIdentifier>//apple_ref/occ/instp/SFIdentityData/language</TokenIdentifier>
			<Abstract>The user's configured language.</Abstract>
			<DeclaredIn>SFIdentityData.h</DeclaredIn>			
			
			<Declaration>@property (nonatomic, readonly) NSString *language</Declaration>
			
			
			<Anchor>//api/name/language</Anchor>
		</Token>
		
		<Token>
			<TokenIdentifier>//apple_ref/occ/instp/SFIdentityData/locale</TokenIdentifier>
			<Abstract>The user's configured locale.</Abstract>
			<DeclaredIn>SFIdentityData.h</DeclaredIn>			
			
			<Declaration>@property (nonatomic, readonly) NSString *locale</Declaration>
			
			
			<Anchor>//api/name/locale</Anchor>
		</Token>
		
		<Token>
			<TokenIdentifier>//apple_ref/occ/instp/SFIdentityData/utcOffset</TokenIdentifier>
			<Abstract>The UTC offset for this user.</Abstract>
			<DeclaredIn>SFIdentityData.h</DeclaredIn>			
			
			<Declaration>@property (readonly) int utcOffset</Declaration>
			
			
			<Anchor>//api/name/utcOffset</Anchor>
		</Token>
		
		<Token>
			<TokenIdentifier>//apple_ref/occ/instp/SFIdentityData/mobilePoliciesConfigured</TokenIdentifier>
			<Abstract>Whether or not any additional mobile security policies have been configured
for this application.</Abstract>
			<DeclaredIn>SFIdentityData.h</DeclaredIn>			
			
			<Declaration>@property (readonly) BOOL mobilePoliciesConfigured</Declaration>
			
			
			<Anchor>//api/name/mobilePoliciesConfigured</Anchor>
		</Token>
		
		<Token>
			<TokenIdentifier>//apple_ref/occ/instp/SFIdentityData/mobileAppPinLength</TokenIdentifier>
			<Abstract>The length of the PIN code, if it's required.  Defaults to 0 if not set, but
querying mobilePoliciesConfigured is recommended to validate that policies
are set.</Abstract>
			<DeclaredIn>SFIdentityData.h</DeclaredIn>			
			
			<Declaration>@property (readonly) int mobileAppPinLength</Declaration>
			
			
			<Anchor>//api/name/mobileAppPinLength</Anchor>
		</Token>
		
		<Token>
			<TokenIdentifier>//apple_ref/occ/instp/SFIdentityData/mobileAppScreenLockTimeout</TokenIdentifier>
			<Abstract>The length of time in minutes before the app will be locked, if it's required.
Defaults to -1 if not set, but querying mobilePoliciesConfigured is recommended
to validate that policies are set.</Abstract>
			<DeclaredIn>SFIdentityData.h</DeclaredIn>			
			
			<Declaration>@property (readonly) int mobileAppScreenLockTimeout</Declaration>
			
			
			<Anchor>//api/name/mobileAppScreenLockTimeout</Anchor>
		</Token>
		
		<Token>
			<TokenIdentifier>//apple_ref/occ/instp/SFIdentityData/lastModifiedDate</TokenIdentifier>
			<Abstract>The date this record was last modified.</Abstract>
			<DeclaredIn>SFIdentityData.h</DeclaredIn>			
			
			<Declaration>@property (nonatomic, readonly) NSDate *lastModifiedDate</Declaration>
			
			
			<Anchor>//api/name/lastModifiedDate</Anchor>
		</Token>
		
		<Token>
			<TokenIdentifier>//apple_ref/occ/instm/SFIdentityData/initWithJsonDict:</TokenIdentifier>
			<Abstract>Designated initializer for creating an instance of the SFIdentityData object.</Abstract>
			<DeclaredIn>SFIdentityData.h</DeclaredIn>			
			
			<Declaration>- (id)initWithJsonDict:(NSDictionary *)jsonDict</Declaration>
			<Parameters>
				<Parameter>
					<Name>jsonDict</Name>
					<Abstract>The JSON dictionary containing the user data.</Abstract>
				</Parameter>
			</Parameters>
			
			<Anchor>//api/name/initWithJsonDict:</Anchor>
		</Token>
		
	</File>
</Tokens>