<?xml version="1.0" encoding="UTF-8"?>
<Tokens version="1.0">
	<File path="Classes/SFApplication.html">
		
		<Token>
			<TokenIdentifier>//apple_ref/occ/cl/SFApplication</TokenIdentifier>
			<Abstract></Abstract>
			<DeclaredIn>SFApplication.h</DeclaredIn>
			
			<NodeRef refid="1"/>
		</Token>
		
		
		<Token>
			<TokenIdentifier>//apple_ref/occ/instp/SFApplication/lastEventDate</TokenIdentifier>
			<Abstract>The date of the last user event in the application.</Abstract>
			<DeclaredIn>SFApplication.h</DeclaredIn>			
			
			<Declaration>@property (nonatomic, readonly) NSDate *lastEventDate</Declaration>
			
			
			<Anchor>//api/name/lastEventDate</Anchor>
		</Token>
		
	</File>
</Tokens>