<?xml version="1.0" encoding="UTF-8"?>
<Tokens version="1.0">
	<File path="Classes/SFLogger.html">
		
		<Token>
			<TokenIdentifier>//apple_ref/occ/cl/SFLogger</TokenIdentifier>
			<Abstract>Generic logging utility: logs to both console and persistent file.</Abstract>
			<DeclaredIn>SFLogger.h</DeclaredIn>
			
			<NodeRef refid="7"/>
		</Token>
		
		
		<Token>
			<TokenIdentifier>//apple_ref/occ/clm/SFLogger/LogLevel</TokenIdentifier>
			<Abstract>The current log level of the app.</Abstract>
			<DeclaredIn>SFLogger.h</DeclaredIn>			
			
			<Declaration>+ (SFLogLevel)LogLevel</Declaration>
			
			
			<Anchor>//api/name/LogLevel</Anchor>
		</Token>
		
		<Token>
			<TokenIdentifier>//apple_ref/occ/clm/SFLogger/setLogLevel:</TokenIdentifier>
			<Abstract>Sets the log level of the app.</Abstract>
			<DeclaredIn>SFLogger.h</DeclaredIn>			
			
			<Declaration>+ (void)setLogLevel:(SFLogLevel)newLevel</Declaration>
			
			
			<Anchor>//api/name/setLogLevel:</Anchor>
		</Token>
		
		<Token>
			<TokenIdentifier>//apple_ref/occ/clm/SFLogger/logToFile:</TokenIdentifier>
			<Abstract>Logs a message to the file at the given file path.</Abstract>
			<DeclaredIn>SFLogger.h</DeclaredIn>			
			
			<Declaration>+ (void)logToFile:(NSString *)file</Declaration>
			
			
			<Anchor>//api/name/logToFile:</Anchor>
		</Token>
		
		<Token>
			<TokenIdentifier>//apple_ref/occ/clm/SFLogger/logFileContents</TokenIdentifier>
			<Abstract>Get access to the content of the application log file.</Abstract>
			<DeclaredIn>SFLogger.h</DeclaredIn>			
			
			<Declaration>+ (NSString *)logFileContents</Declaration>
			
			
			<Anchor>//api/name/logFileContents</Anchor>
		</Token>
		
		<Token>
			<TokenIdentifier>//apple_ref/occ/clm/SFLogger/log:level:msg:</TokenIdentifier>
			<Abstract>Should only be used if you don't have an NSObject instance to
log from.</Abstract>
			<DeclaredIn>SFLogger.h</DeclaredIn>			
			
			<Declaration>+ (void)log:(Class)cls level:(SFLogLevel)level msg:(NSString *)msg</Declaration>
			
			
			<Anchor>//api/name/log:level:msg:</Anchor>
		</Token>
		
		<Token>
			<TokenIdentifier>//apple_ref/occ/clm/SFLogger/logAssertionFailureInMethod:object:file:lineNumber:description:</TokenIdentifier>
			<Abstract>Logs an assertion failure to a file.</Abstract>
			<DeclaredIn>SFLogger.h</DeclaredIn>			
			
			<Declaration>+ (void)logAssertionFailureInMethod:(SEL)method object:(id)obj file:(NSString *)file lineNumber:(NSUInteger)line description:(NSString *)desc, ...</Declaration>
			
			
			<Anchor>//api/name/logAssertionFailureInMethod:object:file:lineNumber:description:</Anchor>
		</Token>
		
		<Token>
			<TokenIdentifier>//apple_ref/occ/clm/SFLogger/applyLogLevelFromPreferences</TokenIdentifier>
			<Abstract>Sets the log level based on the user preferences.</Abstract>
			<DeclaredIn>SFLogger.h</DeclaredIn>			
			
			<Declaration>+ (void)applyLogLevelFromPreferences</Declaration>
			
			
			<Anchor>//api/name/applyLogLevelFromPreferences</Anchor>
		</Token>
		
	</File>
</Tokens>