<?xml version="1.0" encoding="UTF-8"?>
<Tokens version="1.0">
	<File path="Classes/SFIdentityCoordinator.html">
		
		<Token>
			<TokenIdentifier>//apple_ref/occ/cl/SFIdentityCoordinator</TokenIdentifier>
			<Abstract>The SFIdentityCoordinator class is used to retrieve identity data from the ID endpoint of the
Salesforce service.  This data will be based on the requesting user, and the OAuth app
credentials he/she is using to request this information.</Abstract>
			<DeclaredIn>SFIdentityCoordinator.h</DeclaredIn>
			
			<NodeRef refid="3"/>
		</Token>
		
		
		<Token>
			<TokenIdentifier>//apple_ref/occ/instm/SFIdentityCoordinator/initWithCredentials:</TokenIdentifier>
			<Abstract>The designated initializer of SFIdentityCoordinator.  Creates an instance with the specified
OAuth credentials.</Abstract>
			<DeclaredIn>SFIdentityCoordinator.h</DeclaredIn>			
			
			<Declaration>- (id)initWithCredentials:(SFOAuthCredentials *)credentials</Declaration>
			<Parameters>
				<Parameter>
					<Name>credentials</Name>
					<Abstract>The OAuth credentials used to query the identity service.  At a minimum,
the OAuth credentials must specify a value for accessToken and instanceUrl.</Abstract>
				</Parameter>
			</Parameters>
			
			<Anchor>//api/name/initWithCredentials:</Anchor>
		</Token>
		
		<Token>
			<TokenIdentifier>//apple_ref/occ/instm/SFIdentityCoordinator/initiateIdentityDataRetrieval</TokenIdentifier>
			<Abstract>Begins the identity request.  This request is asynchronous.  Implement the
SFIdentityCoordinatorDelegate protocol to receive events related to the identity response from
the service.</Abstract>
			<DeclaredIn>SFIdentityCoordinator.h</DeclaredIn>			
			
			<Declaration>- (void)initiateIdentityDataRetrieval</Declaration>
			
			
			<Anchor>//api/name/initiateIdentityDataRetrieval</Anchor>
		</Token>
		
		<Token>
			<TokenIdentifier>//apple_ref/occ/instm/SFIdentityCoordinator/cancelRetrieval</TokenIdentifier>
			<Abstract>Cancels a request in progress.</Abstract>
			<DeclaredIn>SFIdentityCoordinator.h</DeclaredIn>			
			
			<Declaration>- (void)cancelRetrieval</Declaration>
			
			
			<Anchor>//api/name/cancelRetrieval</Anchor>
		</Token>
		
		<Token>
			<TokenIdentifier>//apple_ref/occ/instp/SFIdentityCoordinator/credentials</TokenIdentifier>
			<Abstract>The OAuth credentials associated with this instance.</Abstract>
			<DeclaredIn>SFIdentityCoordinator.h</DeclaredIn>			
			
			<Declaration>@property (nonatomic, retain) SFOAuthCredentials *credentials</Declaration>
			
			
			<Anchor>//api/name/credentials</Anchor>
		</Token>
		
		<Token>
			<TokenIdentifier>//apple_ref/occ/instp/SFIdentityCoordinator/idData</TokenIdentifier>
			<Abstract>The SFIdentityData that will be populated with the response data from the service.</Abstract>
			<DeclaredIn>SFIdentityCoordinator.h</DeclaredIn>			
			
			<Declaration>@property (nonatomic, retain) SFIdentityData *idData</Declaration>
			
			
			<Anchor>//api/name/idData</Anchor>
		</Token>
		
		<Token>
			<TokenIdentifier>//apple_ref/occ/instp/SFIdentityCoordinator/delegate</TokenIdentifier>
			<Abstract>The SFIdentityCoordinatorDelegate property to set for receiving information about the request.
This property must be set prior to initiating an identity request.</Abstract>
			<DeclaredIn>SFIdentityCoordinator.h</DeclaredIn>			
			
			<Declaration>@property (nonatomic, assign) id&lt;SFIdentityCoordinatorDelegate&gt; delegate</Declaration>
			
			
			<Anchor>//api/name/delegate</Anchor>
		</Token>
		
		<Token>
			<TokenIdentifier>//apple_ref/occ/instp/SFIdentityCoordinator/timeout</TokenIdentifier>
			<Abstract>The amount of time, in seconds, to attempt the request, before it times out.  If not set, the
default value is represented by the kSFIdentityRequestDefaultTimeoutSeconds property.</Abstract>
			<DeclaredIn>SFIdentityCoordinator.h</DeclaredIn>			
			
			<Declaration>@property (nonatomic, assign) NSTimeInterval timeout</Declaration>
			
			
			<Anchor>//api/name/timeout</Anchor>
		</Token>
		
	</File>
</Tokens>